article_id,read_at
AKR20260522116800063,2026-05-25T12:45:56
AKR20260522164300030,2026-05-25T12:45:52
AKR20260525030600062,2026-05-25T12:45:54
AKR20260525020200004,2026-05-25T12:51:51
AKR20260524031200004,2026-05-25T12:52:00
AKR20260523046900530,2026-05-25T13:26:38
AKR20260525006700504,2026-05-25T14:04:35
AKR20260525020551055,2026-05-25T14:18:06
AKR20260525032000001,2026-05-25T14:18:08
AKR20260525035100052,2026-05-25T14:18:09
AKR20260525034800061,2026-05-25T14:18:09
AKR20260525031100061,2026-05-25T14:25:53
AKR20260525035400064,2026-05-25T14:22:19
AKR20260525037800061,2026-05-25T14:52:25
AKR20260525039200011,2026-05-25T16:25:22
AKR20260525042900004,2026-05-25T16:25:24
AKR20260525035351004,2026-05-25T16:25:26
AKR20260525052800062,2026-05-25T18:33:43
AKR20260525061400051,2026-05-25T21:11:06
AKR20260525059900055,2026-05-25T21:50:54
AKR20260525059800504,2026-05-25T21:13:50
AKR20260525059400504,2026-05-25T21:15:20
AKR20260525058300052,2026-05-25T21:16:34
AKR20260525056300055,2026-05-25T21:18:04
AKR20260525017751504,2026-05-25T21:22:47
AKR20260525049600504,2026-05-25T21:37:53
AKR20260525042451057,2026-05-25T21:54:46
AKR20260525003900504,2026-05-25T21:51:01
AKR20260525006200504,2026-05-25T21:51:05
AKR20260525059100003,2026-05-25T21:51:55
AKR20260525050300057,2026-05-25T21:51:56
AKR20260525047400004,2026-05-25T21:54:59
AKR20260525038400062,2026-05-25T21:55:01
AKR20260524039600504,2026-05-25T21:58:12
AKR20260525035300004,2026-05-25T22:02:58
AKR20260525026300002,2026-05-25T22:03:02
AKR20260525026251030,2026-05-25T22:03:05
AKR20260525031200003,2026-05-25T22:05:43
AKR20260522152100002,2026-05-25T22:29:31
